sample,category,subcategory,subsubcategory,reference,SiO2,TiO2,Al2O3,Fe2O3,FeO,MnO,MgO,CaO,Na2O,K2O,P2O5,(CIW),(CPA),(CIA),(PIA),(CIX),(ICV),(WIP),(W),SiO2/Al2O3,K2O/Al2O3,Al2O3/TiO2
UCC-1,composite,upper_continental_crust,UCC,"Shaw et al., 1967, 1976, 1986",66.80,0.54,15.05,0.94,3.33,0.07,2.30,4.24,3.56,3.19,0.15,56.23,71.99,49.81,49.75,61.78,0.99,74.46,65.05,4.44,0.21,27.87
UCC-2,composite,upper_continental_crust,UCC,"Fahrig and Eade, 1968; Eade and Fahrig, 1973",66.20,0.54,16.11,0.91,3.69,0.08,2.23,3.44,3.95,2.91,0.16,55.35,71.26,49.94,49.93,62.54,0.87,76.38,65.93,4.11,0.18,29.83
UCC-3,composite,upper_continental_crust,UCC,"Ronov and Yaroshevskiy, 1976",64.80,0.55,15.84,1.15,4.87,0.10,3.01,3.91,2.81,3.01,0.16,63.14,77.41,55.89,57.64,66.78,0.92,66.25,62.97,4.09,0.19,28.80
UCC-4,composite,upper_continental_crust,UCC,"Gao et al., 1998",67.97,0.67,14.17,1.20,4.37,0.10,2.62,3.44,2.86,2.68,0.16,60.09,75.07,53.51,54.49,65.07,0.96,62.94,61.92,4.80,0.19,21.15
UCC-5,composite,upper_continental_crust,UCC,"Taylor and McLennan, 1985, 1995",65.89,0.50,15.17,1.07,3.63,0.07,2.20,4.19,3.89,3.39,0.20,54.24,70.33,47.95,47.33,60.11,1.01,79.69,65.32,4.34,0.22,30.34
UCC-6,composite,upper_continental_crust,UCC,"Wedepohl, 1995",66.80,0.54,15.05,0.94,3.33,0.07,2.30,4.24,3.56,3.19,0.15,56.23,71.99,49.81,49.75,61.78,0.99,74.46,65.05,4.44,0.21,27.87
UCC-7,composite,upper_continental_crust,UCC,"Rudnick and Gao, 2003",66.62,0.64,15.40,1.05,4.20,0.10,2.48,3.59,3.27,2.80,0.15,58.87,74.11,52.76,53.48,64.68,0.90,68.30,63.80,4.33,0.18,24.06
UCC-8,composite,upper_continental_crust,UCC,"Togashi et al., 2000",67.53,0.62,14.67,1.02,4.04,0.11,2.53,3.90,2.72,2.42,0.12,62.11,76.63,55.91,57.38,67.40,0.91,58.87,61.87,4.60,0.16,23.66
Dunite,composite,igneous_composite,ultramafic,"Hyndman, 1985; Le Maitre, 1976",38.29,0.09,1.82,3.59,9.38,0.71,37.94,1.01,0.20,0.08,0.20,73.45,84.69,70.97,72.48,81.41,23.97,107.58,13.98,21.04,0.04,20.22
Harzburgite,composite,igneous_composite,ultramafic,"Hyndman, 1985; Le Maitre, 1976",39.93,0.26,2.35,5.48,6.47,0.15,33.18,2.90,0.31,0.14,0.13,69.73,82.17,66.73,68.31,78.03,18.05,96.23,7.75,16.99,0.06,9.04
Peridotite,composite,igneous_composite,ultramafic,"Hyndman, 1985; Le Maitre, 1976",42.26,0.63,4.23,3.61,6.58,0.41,31.24,5.05,0.49,0.34,0.10,72.40,83.99,68.11,70.55,78.27,9.87,94.66,8.24,9.99,0.08,6.71
Lherzolite,composite,igneous_composite,ultramafic,"Hyndman, 1985; Le Maitre, 1976",42.52,0.42,4.11,4.82,6.96,0.17,28.37,5.32,0.55,0.25,0.11,69.43,81.96,66.39,67.97,77.76,9.71,86.67,7.12,10.35,0.06,9.79
Anorthosite,composite,igneous_composite,mafic,"Hyndman, 1985; Le Maitre, 1976",50.28,0.64,25.86,0.96,2.07,0.05,2.12,12.48,3.15,0.65,0.09,71.39,83.31,70.03,70.82,81.46,0.78,47.67,38.80,1.94,0.03,40.41
Gabbro,composite,igneous_composite,mafic,"Hyndman, 1985; Le Maitre, 1976",50.14,1.12,15.48,3.01,7.62,0.12,7.59,9.58,2.39,0.93,0.24,66.31,79.75,63.57,64.80,75.81,1.60,56.37,17.57,3.24,0.06,13.82
Basalt,composite,igneous_composite,mafic,"Hyndman, 1985; Le Maitre, 1976",49.20,1.84,15.74,3.79,7.13,0.20,6.73,9.47,2.91,1.10,0.35,62.18,76.68,59.38,60.31,72.47,1.65,61.43,16.07,3.13,0.07,8.55
Tholeiite,composite,igneous_composite,mafic,"Hyndman, 1985; Le Maitre, 1976",49.58,1.98,14.79,3.38,8.03,0.18,7.30,10.36,2.37,0.43,0.24,65.48,79.14,64.16,64.75,77.21,1.76,51.09,9.90,3.35,0.03,7.47
Andesite,composite,igneous_composite,intermediate,"Hyndman, 1985; Le Maitre, 1976",57.94,0.87,17.02,3.27,4.04,0.14,3.33,6.79,3.48,1.62,0.21,59.78,74.83,56.31,57.14,69.47,1.15,63.04,36.64,3.40,0.10,19.56
Dacite,composite,igneous_composite,felsic,"Hyndman, 1985; Le Maitre, 1976",65.01,0.58,15.91,2.43,2.30,0.09,1.78,4.32,3.79,2.17,0.15,56.06,71.84,51.78,52.10,64.96,0.95,67.02,58.06,4.09,0.14,27.43
Tonalite,composite,igneous_composite,felsic,"Hyndman, 1985; Le Maitre, 1976",64.82,0.62,16.50,1.30,3.47,0.09,2.28,4.78,3.50,1.74,0.18,58.90,74.13,55.19,55.93,68.35,0.87,61.40,56.80,3.93,0.11,26.61
Diorite_and_Granodiorite_quartz_diorite,composite,igneous_composite,intermediate,"Hyndman, 1985; Le Maitre, 1976",54.31,0.95,17.76,2.27,5.31,0.13,4.62,7.80,3.83,1.06,0.25,58.50,73.81,56.37,56.87,70.45,1.16,65.88,28.84,3.06,0.06,18.69
Granodiorite_and_quartz_monzodiorite,composite,igneous_composite,intermediate,"Hyndman, 1985; Le Maitre, 1976",66.37,0.53,15.90,1.07,2.87,0.08,1.66,3.42,3.51,2.91,0.15,57.93,73.36,51.96,52.47,64.05,0.83,69.74,66.67,4.17,0.18,30.00
Rhyolite,composite,igneous_composite,felsic,"Hyndman, 1985; Le Maitre, 1976",72.82,0.28,13.27,1.48,1.11,0.06,0.39,1.14,3.55,4.30,0.07,63.35,69.44,51.83,52.88,55.84,0.84,72.90,52.73,5.49,0.32,47.39
Granite,composite,igneous_composite,felsic,"Hyndman, 1985; Le Maitre, 1976",71.30,0.31,14.32,1.21,1.64,0.05,0.71,1.84,3.68,4.07,0.12,60.89,70.29,51.28,51.88,57.79,0.83,74.86,59.50,4.98,0.28,46.19
Trachyte,composite,igneous_composite,intermediate,"Hyndman, 1985; Le Maitre, 1976",61.21,0.70,16.96,2.99,2.29,0.15,0.93,2.34,5.47,4.98,0.21,56.81,65.33,48.12,47.29,54.10,1.04,100.75,68.92,3.61,0.29,24.23
Syenite,composite,igneous_composite,intermediate,"Hyndman, 1985; Le Maitre, 1976",58.58,0.84,16.64,3.04,3.13,0.13,1.87,3.53,5.24,4.95,0.29,53.99,65.87,45.99,44.31,54.35,1.18,103.30,63.04,3.52,0.30,19.81
Nepheline_syenite,composite,igneous_composite,intermediate,"Hyndman, 1985; Le Maitre, 1976",53.56,0.73,20.22,3.45,2.41,0.20,0.76,2.37,8.43,5.68,0.24,54.28,59.32,46.59,45.24,50.25,1.07,132.49,67.80,2.65,0.28,27.70
Phonolite,composite,igneous_composite,intermediate,"Hyndman, 1985; Le Maitre, 1976",56.77,0.59,19.76,2.48,1.63,0.18,0.51,2.32,8.41,5.25,0.16,54.46,58.82,47.08,46.00,50.31,1.00,127.30,62.73,2.87,0.27,33.49
NASC,composite,shale_composite,shale,"McLennan et al., 1983; McLennan, 2009; Gromet et al., 1984",64.80,0.70,16.90,1.06,5.48,0.06,2.86,3.63,1.14,3.97,0.13,81.84,90.01,67.74,77.06,73.25,0.79,54.74,65.65,3.83,0.23,24.14
PAAS,composite,shale_composite,shale,"Taylor and McLennan, 1985; Barth et al., 2000; Haskin and Haskin, 1966; McLennan, 2009; Nance and Taylor, 1976; McLennan, 1981, 1989",62.80,1.00,18.90,0.87,6.61,0.11,2.20,1.30,1.20,3.70,0.16,82.72,90.54,70.38,79.05,75.97,0.55,51.32,73.81,3.32,0.20,18.90
shale,composite,shale_composite,shale,"Mason, 1982",58.40,0.77,15.10,1.23,6.23,0.11,2.50,3.10,1.30,3.20,0.16,77.93,87.59,66.11,73.12,72.94,0.81,49.05,62.58,3.87,0.21,19.61
Amazon,composite,river_sediment,suspended_sediment,"McLennan, 1993",60.20,1.23,22.90,0.52,7.14,0.14,1.96,2.36,1.11,2.28,0.40,86.25,92.61,78.91,84.84,84.21,0.42,37.56,68.54,2.63,0.10,18.62
Colora,composite,river_sediment,suspended_sediment,"McLennan, 1993",79.90,0.51,8.28,0.96,2.21,0.06,1.75,4.85,0.66,1.84,0.13,79.22,88.41,66.54,74.33,72.90,1.28,28.06,58.11,9.65,0.22,16.24
Columb,composite,river_sediment,suspended_sediment,"McLennan, 1993",64.10,1.00,16.90,1.06,5.28,0.30,2.50,3.30,2.90,2.90,,63.91,77.99,57.13,59.05,68.12,0.83,64.94,61.94,3.79,0.17,16.90
Congo,composite,river_sediment,suspended_sediment,"McLennan, 1993",58.00,1.59,25.10,0.47,10.09,0.21,1.09,1.34,0.32,1.64,0.39,95.97,97.95,89.87,95.68,91.60,0.27,20.62,78.72,2.31,0.07,15.79
Danube,composite,river_sediment,suspended_sediment,"McLennan, 1993",64.90,0.71,12.10,2.00,5.54,0.08,3.53,6.39,2.38,2.51,0.16,60.71,75.55,53.43,54.51,64.59,1.45,58.48,46.34,5.36,0.21,17.04
Gange,composite,river_sediment,suspended_sediment,"McLennan, 1993",66.80,0.97,16.00,0.91,4.51,0.14,2.26,4.07,1.58,2.77,0.14,75.48,86.02,66.12,71.44,74.08,0.79,47.96,61.33,4.18,0.17,16.49
Huang,composite,river_sediment,suspended_sediment,"McLennan, 1993",59.40,,17.30,1.01,5.42,0.13,4.00,6.62,1.05,3.25,,83.35,90.92,71.27,79.96,76.73,,50.73,,3.43,0.19,
Indus,composite,river_sediment,suspended_sediment,"McLennan, 1993",56.30,0.81,15.40,1.42,5.10,0.14,4.19,12.50,1.48,2.73,0.23,75.98,86.35,66.31,71.88,74.07,1.51,51.79,40.15,3.66,0.18,19.01
Macken,composite,river_sediment,suspended_sediment,"McLennan, 1993",67.40,0.77,15.70,1.00,4.22,0.08,0.70,5.35,0.32,4.53,,93.72,96.76,72.50,91.11,74.30,0.81,44.09,72.51,4.29,0.29,20.39
Mekong,composite,river_sediment,suspended_sediment,"McLennan, 1993",61.90,0.63,22.30,0.57,7.22,0.13,2.36,0.87,0.74,3.04,0.48,90.16,94.82,79.57,88.65,83.18,0.37,40.85,77.51,2.78,0.14,35.40
Mississ.,composite,river_sediment,suspended_sediment,"McLennan, 1993",76.30,0.64,11.50,0.85,2.71,0.07,1.54,2.37,1.36,2.51,0.20,71.99,83.71,61.52,66.25,69.89,0.81,41.24,68.64,6.63,0.22,17.97
Niger,composite,river_sediment,suspended_sediment,"McLennan, 1993",51.70,1.44,30.90,0.24,12.45,0.09,1.09,0.48,0.13,1.36,0.39,98.63,99.31,94.21,98.57,94.83,0.16,16.05,87.95,1.67,0.04,21.46
Nile,composite,river_sediment,suspended_sediment,"McLennan, 1993",53.00,,18.80,1.93,12.67,,3.12,5.68,1.00,2.32,,85.11,91.95,76.42,83.20,81.89,,39.83,,2.82,0.12,
Orinoco,composite,river_sediment,suspended_sediment,"McLennan, 1993",69.50,0.97,17.30,0.81,5.47,0.06,1.28,0.80,1.62,2.22,0.15,76.45,86.65,69.11,73.65,77.34,0.45,41.05,75.34,4.02,0.13,17.84
Paran,composite,river_sediment,suspended_sediment,"McLennan, 1993",64.70,1.64,20.90,0.52,6.13,0.04,1.89,0.87,0.94,2.27,0.31,87.11,93.11,79.02,85.64,83.92,0.39,35.32,76.36,3.10,0.11,12.74
St._Lawr,composite,river_sediment,suspended_sediment,"McLennan, 1993",60.00,1.44,16.30,1.33,5.86,0.10,4.50,3.57,3.73,3.40,0.06,57.05,72.65,50.54,50.70,62.41,1.11,84.27,52.72,3.68,0.21,11.32
Western_Europe,composite,region,denudation,"McLennan, 1993",61.90,0.93,16.00,1.64,8.20,0.45,2.01,4.71,0.72,2.53,1.13,87.10,93.11,75.80,84.84,80.31,0.81,35.33,56.58,3.87,0.16,17.20
Alpine_Europe,composite,region,denudation,"McLennan, 1993",53.90,0.56,11.60,2.21,4.12,0.14,2.25,21.20,1.18,2.46,0.64,74.92,85.66,63.93,69.71,71.59,2.59,40.69,36.04,4.65,0.21,20.71
Central_America,composite,region,denudation,"McLennan, 1993",62.50,0.90,18.80,0.91,5.95,0.09,2.70,2.86,2.84,2.68,,66.80,80.10,60.56,62.98,71.28,0.69,62.93,63.85,3.32,0.14,20.89
Northwest_South_America,composite,region,denudation,"McLennan, 1993",67.10,0.66,15.70,1.22,5.87,0.12,2.57,1.91,2.03,2.82,0.25,70.15,82.46,61.73,65.44,71.07,0.72,54.43,67.58,4.27,0.18,23.79
Ocean_Islands_(excl._N.Z.),composite,region,denudation,"McLennan, 1993",67.80,0.64,14.40,1.23,4.64,0.09,2.99,2.36,3.53,2.41,0.13,55.35,71.26,50.31,50.38,63.11,0.92,69.39,63.27,4.71,0.17,22.50
New_Zealand_(S._Island),composite,region,denudation,"McLennan, 1993",62.60,0.67,18.90,0.76,4.75,0.07,2.38,3.38,2.49,3.52,0.21,69.76,82.19,61.16,64.81,70.51,0.70,65.15,67.39,3.31,0.19,28.21
U.S._Atlantic_Coast,composite,region,denudation,"McLennan, 1993",61.20,0.90,17.90,0.90,5.77,0.20,3.12,3.12,1.54,3.42,0.21,77.94,87.60,67.12,73.70,74.16,0.74,55.40,64.00,3.42,0.19,19.89
MBG1,sample,Manasbal_Lake,lake_bottom,"Lone et al., 2017",50.27,15.22,4.26,0.01,0.06,2.17,12.76,1.01,2.20,0.50,0.44,37.05,54.07,35.38,33.94,50.59,7.95,64.78,31.67,11.80,0.12,0.28
MBG2,sample,Manasbal_Lake,lake_bottom,"Lone et al., 2017",50.67,14.00,5.88,0.01,0.06,3.00,11.15,3.51,2.99,0.75,0.49,37.41,54.45,35.57,34.00,50.64,6.02,71.57,31.95,8.62,0.13,0.42
MBG3,sample,Manasbal_Lake,lake_bottom,"Lone et al., 2017",52.42,13.40,4.41,0.01,0.04,2.67,13.55,2.05,1.48,0.74,0.24,47.52,64.43,43.75,42.57,57.68,7.69,60.70,30.79,11.89,0.17,0.33
MBG4,sample,Manasbal_Lake,lake_bottom,"Lone et al., 2017",52.84,15.54,4.42,0.01,0.06,1.89,13.39,1.32,1.35,0.61,0.12,49.88,66.56,46.42,45.84,60.54,7.72,57.65,31.39,11.95,0.14,0.28
MBG5,sample,Manasbal_Lake,lake_bottom,"Lone et al., 2017",48.65,14.59,3.16,0.01,0.07,1.70,22.63,1.14,1.12,0.57,0.09,46.16,63.17,42.35,40.83,56.23,13.22,80.13,24.49,15.40,0.18,0.22
MBG6,sample,Manasbal_Lake,lake_bottom,"Lone et al., 2017",56.47,15.44,5.08,0.01,0.03,2.42,6.49,3.01,1.79,0.72,0.19,46.31,63.30,43.24,42.20,57.70,5.88,44.64,35.13,11.12,0.14,0.33
MBG7,sample,Manasbal_Lake,lake_bottom,"Lone et al., 2017",54.80,14.17,3.77,0.01,0.03,2.15,7.50,2.23,1.60,0.77,0.19,41.73,58.89,38.20,35.81,52.10,7.54,45.66,34.86,14.54,0.20,0.27
MBG8,sample,Manasbal_Lake,lake_bottom,"Lone et al., 2017",54.78,13.63,3.29,0.01,0.04,2.28,9.73,2.70,1.44,0.69,0.29,40.98,58.14,37.49,34.93,51.36,9.26,49.28,28.41,16.65,0.21,0.24
MBG9,sample,Manasbal_Lake,lake_bottom,"Lone et al., 2017",51.31,13.87,2.38,0.01,0.04,1.35,20.74,1.14,1.71,0.32,0.11,29.73,45.83,28.49,26.55,42.96,16.45,79.60,18.49,21.56,0.13,0.17
MBG10,sample,Manasbal_Lake,lake_bottom,"Lone et al., 2017",52.25,16.55,3.32,0.01,0.04,2.03,17.45,1.61,1.17,0.55,0.17,46.31,63.30,42.76,41.44,56.85,11.86,66.26,23.23,15.74,0.17,0.20
MBG11,sample,Manasbal_Lake,lake_bottom,"Lone et al., 2017",49.85,12.39,4.02,0.01,0.04,2.72,14.04,1.86,1.56,0.68,0.21,43.92,61.04,40.65,39.02,54.90,8.27,62.46,29.74,12.40,0.17,0.32
MBG12,sample,Manasbal_Lake,lake_bottom,"Lone et al., 2017",48.05,15.69,4.99,0.01,0.05,2.46,14.93,1.22,1.74,0.64,0.14,46.57,63.55,43.74,42.88,58.40,7.35,66.65,31.80,9.63,0.13,0.32
MBG13,sample,Manasbal_Lake,lake_bottom,"Lone et al., 2017",50.01,15.81,4.56,0.01,0.05,2.23,15.55,1.21,1.47,0.65,0.14,48.53,65.35,45.15,44.36,59.36,8.10,65.33,31.22,10.97,0.14,0.29
MBG14,sample,Manasbal_Lake,lake_bottom,"Lone et al., 2017",50.38,14.70,2.92,0.01,0.04,1.48,14.27,2.01,1.84,0.41,0.14,32.54,49.10,31.01,29.03,45.69,11.89,64.03,20.10,17.25,0.14,0.20
MBG15,sample,Manasbal_Lake,lake_bottom,"Lone et al., 2017",48.58,14.47,2.83,0.01,0.04,1.53,13.17,1.01,1.84,0.42,0.16,31.86,48.32,30.30,28.18,44.84,11.47,61.08,25.74,17.17,0.15,0.20
MBG16,sample,Manasbal_Lake,lake_bottom,"Lone et al., 2017",50.41,14.31,2.36,0.01,0.03,1.58,14.65,1.05,1.74,0.38,0.13,29.19,45.19,27.78,25.39,41.89,14.29,63.67,22.60,21.36,0.16,0.16
MBG17,sample,Manasbal_Lake,lake_bottom,"Lone et al., 2017",48.66,14.30,2.42,0.01,0.04,1.68,14.33,1.12,1.76,0.38,0.30,29.47,45.53,28.07,25.75,42.26,13.88,63.02,22.09,20.11,0.16,0.17
MBG18,sample,Manasbal_Lake,lake_bottom,"Lone et al., 2017",47.40,16.23,4.75,0.02,0.13,3.03,13.33,2.41,1.61,0.69,0.29,47.28,64.20,44.01,43.04,58.31,7.86,61.16,21.99,9.98,0.15,0.29
MBG19,sample,Manasbal_Lake,lake_bottom,"Lone et al., 2017",58.93,14.99,6.23,0.02,0.08,2.39,4.97,3.23,1.55,0.96,0.16,54.99,70.96,50.37,50.44,63.45,4.51,39.72,37.03,9.46,0.15,0.42
MBG20,sample,Manasbal_Lake,lake_bottom,"Lone et al., 2017",52.66,15.72,3.31,0.01,0.07,1.60,14.12,1.35,1.95,0.48,0.08,34.03,50.78,32.31,30.31,47.03,10.64,65.48,25.74,15.91,0.15,0.21
MBG21,sample,Manasbal_Lake,lake_bottom,"Lone et al., 2017",51.21,13.01,4.35,0.01,0.06,2.13,14.92,2.25,1.33,0.62,0.08,49.85,66.53,46.29,45.67,60.34,7.88,61.72,26.74,11.77,0.14,0.33
MBG22,sample,Manasbal_Lake,lake_bottom,"Lone et al., 2017",51.84,14.49,3.48,0.01,0.05,1.89,14.93,1.66,1.96,0.56,0.13,35.05,51.91,33.03,30.83,47.60,10.20,68.50,26.23,14.90,0.16,0.24
SAR-5,sample,Surma_Group,sandstone,"Hussain and Bharali, 2019",61.98,17.40,5.02,0.02,0.11,2.23,2.78,1.35,3.03,0.65,0.12,33.49,50.18,31.99,30.21,46.88,5.47,48.10,44.52,12.35,0.13,0.29
SAS-5,sample,Surma_Group,sandstone,"Hussain and Bharali, 2019",61.62,17.18,5.05,0.05,0.26,2.32,3.32,1.26,2.53,0.71,0.12,37.76,54.82,35.71,33.96,50.60,5.42,44.34,37.23,12.20,0.14,0.29
SAT-2,sample,Surma_Group,sandstone,"Hussain and Bharali, 2019",75.00,10.78,4.27,0.01,0.04,1.58,0.69,1.81,1.99,0.48,0.11,39.47,56.60,37.66,36.42,52.96,4.06,28.91,60.63,17.56,0.11,0.40
SAZ-3,sample,Surma_Group,sandstone,"Hussain and Bharali, 2019",74.59,11.13,3.84,0.01,0.02,1.46,0.31,1.68,1.93,0.65,0.08,37.68,54.74,35.25,33.06,49.75,4.47,28.62,65.39,19.42,0.17,0.35
SBD-7,sample,Surma_Group,sandstone,"Hussain and Bharali, 2019",77.13,9.91,3.67,0.03,0.07,0.80,0.35,1.44,1.50,0.63,0.09,42.65,59.79,39.52,37.71,53.82,3.99,23.60,62.46,21.02,0.17,0.37
SCT-23,sample,Surma_Group,sandstone,"Hussain and Bharali, 2019",71.22,12.58,4.13,0.04,0.13,2.41,0.98,1.60,1.87,0.64,0.09,40.16,57.31,37.63,35.84,52.28,4.87,29.69,49.19,17.24,0.15,0.33
SCT-57,sample,Surma_Group,sandstone,"Hussain and Bharali, 2019",68.88,13.33,3.75,0.02,0.06,2.29,2.41,1.53,2.27,0.52,0.11,33.43,50.10,31.83,29.91,46.60,5.97,37.22,42.49,18.37,0.14,0.28
SCT-60,sample,Surma_Group,sandstone,"Hussain and Bharali, 2019",68.25,15.53,4.86,0.01,0.05,2.68,0.95,1.69,2.53,0.64,0.10,36.86,53.87,35.02,33.36,50.03,4.94,37.21,59.32,14.04,0.13,0.31
SCT-62,sample,Surma_Group,sandstone,"Hussain and Bharali, 2019",72.11,14.01,4.04,0.01,0.04,2.34,0.42,2.07,2.22,0.46,0.07,35.61,52.52,34.12,32.66,49.33,5.33,30.65,60.25,17.85,0.11,0.29
SVC-7,sample,Surma_Group,sandstone,"Hussain and Bharali, 2019",61.40,19.35,6.41,0.03,0.15,2.22,0.60,1.23,3.38,0.68,0.12,36.56,53.55,35.09,33.78,50.45,4.29,46.38,58.03,9.58,0.11,0.33
SCZ-3,sample,Barail_Group,sandstone,"Hussain and Bharali, 2019",75.81,11.91,4.70,0.02,0.06,1.11,0.26,1.33,1.20,0.96,0.11,54.35,70.42,48.52,48.11,60.93,3.57,22.70,69.00,16.13,0.20,0.39
SCZ-4,sample,Barail_Group,sandstone,"Hussain and Bharali, 2019",81.59,7.44,3.72,0.01,0.02,0.78,0.18,0.91,0.89,0.51,0.06,55.95,71.76,51.66,51.97,64.85,2.88,15.08,69.37,21.93,0.14,0.50
SCZ-12,sample,Barail_Group,sandstone,"Hussain and Bharali, 2019",74.79,12.41,3.57,0.02,0.06,1.24,1.18,1.54,1.74,0.65,0.08,38.41,55.50,35.71,33.36,50.03,5.26,28.83,53.04,20.95,0.18,0.29
SCZ-14,sample,Barail_Group,sandstone,"Hussain and Bharali, 2019",77.67,9.41,4.12,0.01,0.02,1.29,0.29,1.62,1.41,0.76,0.08,47.04,63.98,43.00,41.55,56.73,3.59,23.50,66.67,18.85,0.18,0.44
SCT-7,sample,Barail_Group,sandstone,"Hussain and Bharali, 2019",70.69,12.53,5.32,0.03,0.11,2.22,1.06,1.66,1.95,0.51,0.07,45.33,62.38,43.29,42.63,58.59,3.75,29.73,49.85,13.29,0.10,0.42
SCT-8,sample,Barail_Group,sandstone,"Hussain and Bharali, 2019",74.25,11.52,4.07,0.02,0.06,1.56,0.47,1.85,1.74,0.51,0.07,41.55,58.71,39.34,38.06,54.38,4.34,25.68,58.18,18.24,0.13,0.35
SCT-11,sample,Barail_Group,sandstone,"Hussain and Bharali, 2019",78.34,8.24,4.25,0.03,0.08,1.04,0.22,1.56,0.83,0.58,0.07,60.88,75.68,55.86,57.01,68.07,2.94,15.10,66.20,18.43,0.14,0.52
SCT-12,sample,Barail_Group,sandstone,"Hussain and Bharali, 2019",75.01,11.60,4.14,0.01,0.03,1.22,0.58,1.64,1.56,0.64,0.08,44.65,61.73,41.54,40.18,55.95,4.17,25.01,63.76,18.12,0.15,0.36
CCSC,sample,channel_sediments,Chambal,"Maharana et al., 2018",79.00,0.41,6.10,0.96,1.73,0.05,0.70,5.10,1.20,1.40,0.05,60.71,75.55,52.75,53.73,63.61,1.61,27.65,61.42,12.95,0.23,14.88
CCSF,sample,channel_sediments,Chambal,"Maharana et al., 2018",79.20,0.92,6.70,1.17,2.30,0.07,1.01,4.60,1.30,1.30,0.07,61.04,75.80,54.10,55.31,65.39,1.55,28.81,50.92,11.82,0.19,7.28
BNSCS,sample,channel_sediments,Banas,"Maharana et al., 2018",85.90,0.13,6.20,0.53,0.93,0.04,0.41,1.90,1.50,2.20,0.03,55.68,71.53,45.87,43.62,56.11,1.08,37.10,49.27,13.85,0.35,47.69
BCSC,sample,channel_sediments,Betwa,"Maharana et al., 2018",56.30,0.03,6.30,0.77,0.91,0.13,0.58,18.40,0.90,3.30,0.04,68.03,80.97,49.09,47.95,55.49,3.83,40.00,43.55,8.94,0.52,210.00
BCSF,sample,channel_sediments,Betwa,"Maharana et al., 2018",73.90,0.32,10.40,0.66,1.48,0.05,0.44,3.20,2.00,4.00,0.06,61.25,75.97,48.80,47.98,57.71,1.03,58.23,55.74,7.11,0.38,32.50
KCS,sample,channel_sediments,Ken,"Maharana et al., 2018",83.10,0.29,6.20,0.58,1.14,0.03,0.51,1.70,0.90,1.90,0.05,67.68,80.72,55.27,58.32,63.67,0.95,27.91,69.50,13.40,0.31,21.38
TCS,sample,channel_sediments,Ton,"Maharana et al., 2018",93.40,0.11,2.30,0.50,0.77,0.01,0.17,0.90,0.30,0.40,0.02,69.97,82.33,61.83,65.42,71.28,1.04,7.32,72.84,40.61,0.17,20.91
SCSC,sample,channel_sediments,Son,"Maharana et al., 2018",89.10,0.32,5.70,0.63,1.12,0.03,0.30,0.60,0.90,2.30,0.03,65.81,79.38,51.12,52.02,58.94,0.89,30.73,65.85,15.63,0.40,17.81
SBSF,sample,channel_sediments,Son,"Maharana et al., 2018",86.20,0.79,6.50,0.94,1.83,0.05,0.48,0.90,1.10,2.30,0.06,64.23,78.22,51.55,52.56,60.19,1.01,33.53,74.56,13.26,0.35,8.23
YCS-AG,sample,channel_sediments,Yamuna,"Maharana et al., 2018",83.20,0.39,8.60,0.74,1.83,0.06,1.04,1.50,1.40,1.60,0.11,65.12,78.88,57.57,59.86,68.06,0.78,32.59,70.75,9.67,0.19,22.05
YCS-ABD,sample,channel_sediments,Yamuna,"Maharana et al., 2018",79.50,0.82,8.00,0.88,1.95,0.07,0.83,3.30,1.50,1.70,0.12,61.85,76.43,54.14,55.52,65.00,1.14,34.01,63.24,9.94,0.21,9.76
GCS-ABD,sample,channel_sediments,Ganga,"Maharana et al., 2018",82.80,0.34,9.10,0.62,1.53,0.04,1.01,1.20,1.80,2.00,0.09,60.58,75.45,52.95,53.94,63.97,0.77,40.51,69.29,9.10,0.22,26.76
GCSS,sample,channel_sediments,Ganga,"Maharana et al., 2018",83.50,0.13,7.60,0.50,1.08,0.02,0.52,1.10,1.60,1.90,0.04,59.08,74.28,50.93,51.29,61.84,0.76,36.01,51.08,10.99,0.25,58.46
GCSV,sample,channel_sediments,Ganga,"Maharana et al., 2018",80.70,0.41,7.00,1.20,2.52,0.12,0.82,1.90,1.40,1.30,0.14,60.31,75.24,53.79,54.84,65.36,1.02,29.44,66.96,11.53,0.19,17.07
COB,sample,overbank_sediments,Chambal,"Maharana et al., 2018",61.00,0.89,11.69,1.18,3.96,0.07,1.87,7.24,0.89,1.91,0.11,79.97,88.87,70.06,76.67,76.80,1.20,31.63,47.24,5.22,0.16,13.13
BNSOB,sample,overbank_sediments,Banas,"Maharana et al., 2018",79.15,0.51,9.15,0.98,2.36,0.06,0.87,2.68,1.67,1.93,0.08,62.48,76.91,54.68,56.24,65.42,0.95,38.04,67.93,8.65,0.21,17.94
SINMD,sample,overbank_sediments,Sindh,"Maharana et al., 2018",58.00,0.71,13.20,1.08,4.23,0.09,2.03,7.57,0.80,2.30,0.14,83.37,90.93,72.05,80.27,77.62,1.10,34.35,51.58,4.39,0.17,18.59
SINOBO,sample,overbank_sediments,Sindh,"Maharana et al., 2018",55.20,0.75,13.87,1.05,4.66,0.05,2.36,8.19,0.72,1.99,0.07,85.41,92.13,75.41,83.18,80.60,1.09,31.70,46.97,3.98,0.14,18.49
BMD1B,sample,overbank_sediments,Betwa,"Maharana et al., 2018",67.24,0.62,12.15,1.00,3.44,0.08,1.20,3.68,1.07,2.86,0.12,77.53,87.35,64.74,72.00,71.45,0.87,39.93,66.92,5.53,0.24,19.60
BOB2A,sample,overbank_sediments,Betwa,"Maharana et al., 2018",73.20,0.07,9.50,0.53,1.06,0.04,0.46,5.43,1.32,3.96,0.04,68.63,81.39,52.40,54.55,59.53,1.24,50.11,32.00,7.71,0.42,135.71
BOB2B,sample,overbank_sediments,Betwa,"Maharana et al., 2018",66.00,0.87,13.06,0.82,3.63,0.05,1.56,3.28,0.91,2.16,0.11,81.35,89.72,71.01,78.17,77.30,0.74,33.13,63.28,5.05,0.17,15.01
BOB2C,sample,overbank_sediments,Betwa,"Maharana et al., 2018",56.56,1.18,16.19,0.86,6.27,0.05,1.98,3.83,0.53,2.12,0.10,90.28,94.89,80.04,88.85,83.64,0.65,29.57,58.91,3.49,0.13,13.72
BOBO,sample,overbank_sediments,Betwa,"Maharana et al., 2018",62.63,0.99,13.64,1.01,4.83,0.09,1.67,3.82,0.81,2.08,0.12,83.65,91.10,73.50,81.04,79.19,0.77,31.60,58.75,4.59,0.15,13.78
KOBA,sample,overbank_sediments,Ken,"Maharana et al., 2018",64.79,0.95,11.74,1.10,4.20,0.07,1.93,4.58,0.64,1.83,0.12,84.79,91.77,74.18,82.25,79.47,0.95,28.24,53.08,5.52,0.16,12.36
KOBB,sample,overbank_sediments,Ken,"Maharana et al., 2018",68.01,0.63,10.49,1.33,3.96,0.06,1.38,4.99,0.71,2.03,0.07,81.79,89.98,69.82,78.02,75.71,1.06,29.23,57.38,6.48,0.19,16.65
TOB,sample,overbank_sediments,Ton,"Maharana et al., 2018",61.21,1.00,16.58,0.85,6.27,0.11,1.85,1.64,0.59,2.58,0.08,89.52,94.47,77.79,87.66,81.50,0.52,33.81,72.17,3.69,0.16,16.58
SMD1B,sample,overbank_sediments,Son,"Maharana et al., 2018",62.49,1.19,16.69,0.93,6.88,0.13,1.48,1.21,0.67,2.48,0.13,88.33,93.81,77.34,86.40,81.51,0.48,32.86,74.83,3.74,0.15,14.03
SOB2A,sample,overbank_sediments,Son,"Maharana et al., 2018",73.07,1.19,11.53,1.27,4.53,0.09,0.98,1.12,0.94,2.43,0.09,78.85,88.17,66.83,74.21,73.41,0.70,34.17,73.85,6.34,0.21,9.69
SOB2B,sample,overbank_sediments,Son,"Maharana et al., 2018",64.87,1.36,15.60,0.94,6.19,0.15,1.11,0.97,0.66,2.36,0.11,87.78,93.49,76.75,85.73,81.08,0.48,30.71,77.10,4.16,0.15,11.47
YOBAG,sample,overbank_sediments,Yamuna,"Maharana et al., 2018",58.87,0.84,16.67,0.95,5.94,0.09,3.22,2.72,1.08,3.51,0.18,82.43,90.37,69.39,78.36,74.93,0.74,51.13,64.83,3.53,0.21,19.85
YOBABD,sample,overbank_sediments,Yamuna,"Maharana et al., 2018",66.40,0.93,10.51,1.18,3.87,0.08,1.72,5.30,0.71,1.35,0.13,81.82,90.00,73.46,79.48,79.99,1.07,24.39,47.18,6.32,0.13,11.30
GOBABD,sample,overbank_sediments,Ganga,"Maharana et al., 2018",73.87,0.53,12.48,0.74,2.68,0.06,1.93,1.79,1.52,2.66,0.12,71.39,83.31,61.30,65.75,69.88,0.74,45.43,70.53,5.92,0.21,23.55
GOBSA,sample,overbank_sediments,Ganga,"Maharana et al., 2018",67.00,0.75,12.73,0.82,3.60,0.07,1.93,2.45,0.86,2.21,0.10,81.81,90.00,70.91,78.51,76.98,0.71,34.00,65.75,5.26,0.17,16.97
GOBSB,sample,overbank_sediments,Ganga,"Maharana et al., 2018",57.47,0.99,14.95,1.10,6.10,0.10,2.45,4.66,0.68,2.42,0.12,86.98,93.04,75.48,84.64,80.00,0.83,35.14,54.68,3.84,0.16,15.10
GOBSC,sample,overbank_sediments,Ganga,"Maharana et al., 2018",65.08,0.87,14.23,0.93,4.73,0.10,1.61,2.55,0.80,2.41,0.10,84.39,91.53,73.08,81.53,78.38,0.65,34.13,66.76,4.57,0.17,16.36
GOBV,sample,overbank_sediments,Ganga,"Maharana et al., 2018",58.26,0.95,14.69,1.14,5.81,0.10,2.97,4.97,0.88,2.50,0.14,83.54,91.03,72.39,80.54,77.96,0.92,39.56,52.23,3.97,0.17,15.46
GOBP,sample,overbank_sediments,Ganga,"Maharana et al., 2018",60.47,0.87,15.19,1.07,5.76,0.12,2.12,4.04,0.81,2.59,0.13,85.07,91.94,73.53,82.29,78.60,0.76,37.18,59.83,3.98,0.17,17.46
GMDP,sample,overbank_sediments,Ganga,"Maharana et al., 2018",56.00,1.10,18.30,0.95,8.45,0.10,1.93,2.37,0.58,2.73,0.14,90.56,95.04,79.00,88.94,82.40,0.53,35.19,68.04,3.06,0.15,16.64
GOBBA,sample,overbank_sediments,Ganga,"Maharana et al., 2018",70.91,0.57,9.43,0.97,2.45,0.06,2.01,5.17,1.27,2.11,0.13,69.29,81.86,59.34,63.10,68.32,1.29,38.10,57.08,7.52,0.22,16.54
GOBBB,sample,overbank_sediments,Ganga,"Maharana et al., 2018",64.32,0.62,12.13,1.11,3.68,0.06,2.83,5.47,1.12,2.80,0.12,76.70,86.81,64.36,71.18,71.34,1.15,44.49,56.14,5.30,0.23,19.56
CSS12,sample,suspended_sediments,Chambal,"Maharana et al., 2018",51.82,1.00,14.18,1.42,6.98,0.11,2.84,7.44,0.50,2.08,0.12,89.60,94.52,78.44,87.88,82.18,1.09,31.26,42.83,3.65,0.15,14.18
CSS13,sample,suspended_sediments,Chambal,"Maharana et al., 2018",52.27,0.92,12.28,1.54,6.00,0.10,2.51,7.55,0.76,1.91,0.13,83.08,90.76,72.89,80.33,78.73,1.25,31.90,40.37,4.26,0.16,13.35
SINSS12,sample,suspended_sediments,Sindh,"Maharana et al., 2018",57.82,0.74,13.63,1.32,5.35,0.12,2.41,8.27,0.79,1.89,0.14,83.98,91.29,74.58,81.67,80.29,1.14,31.80,44.90,4.24,0.14,18.42
BSS12,sample,suspended_sediments,Betwa,"Maharana et al., 2018",53.84,1.30,17.75,0.96,9.27,0.14,2.33,3.32,0.34,1.58,0.11,94.07,96.95,86.25,93.48,88.66,0.56,23.76,58.68,3.03,0.09,13.65
BSS13,sample,suspended_sediments,Betwa,"Maharana et al., 2018",51.60,1.12,13.33,1.51,8.20,0.14,2.04,4.46,0.54,1.64,0.12,88.24,93.75,78.96,86.67,83.35,0.86,25.78,47.96,3.87,0.12,11.90
KSS12,sample,suspended_sediments,Ken,"Maharana et al., 2018",55.89,0.45,18.38,1.02,9.50,1.92,0.13,1.51,0.30,1.93,0.15,94.90,97.39,85.66,94.29,87.68,0.39,20.21,77.45,3.04,0.11,40.84
KSS13,sample,suspended_sediments,Ken,"Maharana et al., 2018",51.61,1.37,13.11,1.73,9.40,0.15,2.17,3.77,0.55,1.57,0.14,87.87,93.54,78.89,86.31,83.43,0.86,25.65,47.62,3.94,0.12,9.57
TSS12,sample,suspended_sediments,Ton,"Maharana et al., 2018",51.70,0.99,18.43,0.87,9.50,0.13,2.09,1.36,0.34,2.73,0.16,94.28,97.05,81.90,93.26,83.98,0.46,32.87,75.90,2.81,0.15,18.62
SSS13,sample,suspended_sediments,Son,"Maharana et al., 2018",46.46,1.12,21.23,0.58,11.78,0.11,1.05,0.78,0.33,2.07,0.15,95.13,97.51,86.45,94.59,88.41,0.28,24.28,81.30,2.19,0.10,18.96
YSSAG13,sample,suspended_sediments,Yamuna,"Maharana et al., 2018",59.61,0.75,15.75,0.94,5.52,0.10,2.50,2.02,1.08,3.39,0.15,81.59,89.86,68.56,77.27,74.31,0.68,48.13,68.97,3.78,0.22,21.00
YSSABD13,sample,suspended_sediments,Yamuna,"Maharana et al., 2018",51.08,0.97,13.50,1.50,7.15,0.12,2.59,6.42,0.62,2.08,0.13,86.87,92.98,75.88,84.65,80.49,1.06,31.95,44.09,3.78,0.15,13.92
GSSABD12,sample,suspended_sediments,Ganga,"Maharana et al., 2018",58.33,0.67,16.54,1.07,6.62,0.10,3.01,1.56,1.13,3.85,0.15,81.65,89.90,67.72,76.89,73.29,0.69,54.02,71.09,3.53,0.23,24.69
GSSABD13,sample,suspended_sediments,Ganga,"Maharana et al., 2018",59.04,0.70,16.77,1.16,6.86,0.11,2.92,2.58,1.05,3.78,0.15,82.92,90.66,68.97,78.59,74.24,0.73,52.25,66.85,3.52,0.23,23.96
GSSACY12,sample,suspended_sediments,Ganga,"Maharana et al., 2018",49.90,0.95,14.34,1.63,7.87,0.13,2.97,7.61,0.59,2.27,0.14,88.08,93.66,76.53,85.96,80.71,1.13,34.27,41.90,3.48,0.16,15.09
GSSVIN13,sample,suspended_sediments,Ganga,"Maharana et al., 2018",50.23,0.89,14.19,1.44,7.87,0.13,2.77,4.76,0.57,2.57,0.16,88.33,93.80,75.29,85.88,79.23,0.93,36.03,51.48,3.54,0.18,15.94
GSSB12,sample,suspended_sediments,Ganga,"Maharana et al., 2018",54.61,0.84,15.99,1.25,7.58,0.09,2.37,3.74,0.75,3.16,0.14,86.63,92.84,73.09,83.59,77.45,0.76,42.01,60.79,3.42,0.20,19.04
GSSB13,sample,suspended_sediments,Ganga,"Maharana et al., 2018",54.55,0.77,15.56,1.20,6.20,0.10,3.06,6.20,0.69,3.25,0.13,87.27,93.20,72.89,84.14,76.98,0.98,43.99,53.89,3.51,0.21,20.21
S-1,sample,Silty_clay,Meghna,"Hossain, 2019",68.61,0.72,13.55,1.04,4.64,0.17,1.48,2.01,1.19,2.28,0.15,77.58,87.38,67.98,73.89,75.38,0.66,37.16,68.68,5.06,0.17,18.82
S-2,sample,Silty_clay,Meghna,"Hossain, 2019",70.35,0.69,13.34,0.99,4.31,0.10,1.42,1.60,1.27,2.22,0.14,76.15,86.46,66.96,72.36,74.81,0.62,37.41,70.69,5.27,0.17,19.33
S-3,sample,Sand,Meghna,"Hossain, 2019",75.20,0.54,11.25,0.92,2.99,0.08,1.21,1.87,1.55,2.02,0.12,68.81,81.52,60.69,63.99,70.37,0.73,38.35,69.79,6.68,0.18,20.83
S-4,sample,Silty_clay,Meghna,"Hossain, 2019",67.53,0.79,13.86,1.12,5.04,0.12,1.85,1.96,1.38,2.39,0.15,75.32,85.93,66.04,71.29,74.05,0.69,41.30,67.10,4.87,0.17,17.54
S-5,sample,Silty_clay,Meghna,"Hossain, 2019",66.72,0.84,13.75,1.26,5.59,0.12,2.12,1.80,1.39,2.47,0.14,75.04,85.74,65.49,70.78,73.49,0.73,42.84,66.38,4.85,0.18,16.37
S-6,sample,Sand,Meghna,"Hossain, 2019",76.97,0.47,10.65,0.82,2.45,0.05,1.19,1.96,1.64,1.96,0.10,66.37,79.79,58.62,61.25,68.84,0.76,38.83,69.70,7.23,0.18,22.66
S-7,sample,Sand,Meghna,"Hossain, 2019",77.67,0.42,10.32,0.76,2.19,0.05,1.10,1.95,1.72,1.94,0.10,64.58,78.48,57.08,59.23,67.67,0.77,39.33,69.76,7.53,0.19,24.57
S-8,sample,Silty_clay,Meghna,"Hossain, 2019",71.22,0.80,13.79,0.97,4.22,0.06,1.83,1.57,1.41,2.51,0.11,74.83,85.60,65.21,70.47,73.25,0.66,42.61,70.10,5.16,0.18,17.24
S-9,sample,Sand,Meghna,"Hossain, 2019",78.63,0.51,9.55,0.86,2.33,0.05,1.03,2.03,1.47,1.74,0.12,66.38,79.79,58.70,61.32,68.94,0.81,34.56,68.99,8.23,0.18,18.73
S-10,sample,Silty_clay,Meghna,"Hossain, 2019",68.78,0.84,14.02,0.98,4.54,0.07,1.87,1.55,1.40,2.51,0.11,75.27,85.89,65.69,71.05,73.63,0.66,42.61,69.75,4.91,0.18,16.69
S-11,sample,Silty_clay,Meghna,"Hossain, 2019",63.12,0.84,15.99,1.00,6.14,0.13,1.98,1.54,1.20,2.64,0.15,80.20,89.01,70.14,76.88,76.79,0.58,41.71,70.37,3.95,0.17,19.04
S-12,sample,Sand,Meghna,"Hossain, 2019",75.27,0.58,10.92,0.96,2.93,0.06,1.37,2.32,1.70,1.93,0.13,66.13,79.61,58.70,61.22,69.09,0.82,39.76,67.00,6.89,0.18,18.83
S-13,sample,Silty_clay,Meghna,"Hossain, 2019",65.90,0.84,14.44,1.20,5.64,0.12,2.23,1.88,1.50,2.60,0.14,74.53,85.41,65.08,70.20,73.22,0.72,45.52,66.41,4.56,0.18,17.19
S-14,sample,Silty_clay,Meghna,"Hossain, 2019",64.69,0.83,15.00,1.12,5.77,0.13,2.15,1.81,1.41,2.62,0.15,76.38,86.61,66.74,72.39,74.42,0.67,44.43,67.59,4.31,0.17,18.07
S-15,sample,Silty_clay,Meghna,"Hossain, 2019",63.93,0.83,15.57,1.04,5.80,0.11,2.11,1.89,1.36,2.68,0.15,77.68,87.44,67.86,73.90,75.19,0.64,44.25,67.99,4.11,0.17,18.76
S-16,sample,Sand,Meghna,"Hossain, 2019",74.39,0.70,11.17,1.05,3.29,0.08,1.42,2.49,1.71,1.92,0.16,66.50,79.88,59.18,61.77,69.55,0.84,39.93,64.91,6.66,0.17,15.96
S-17,sample,Silty_clay,Meghna,"Hossain, 2019",58.50,0.81,16.47,1.03,6.22,0.10,2.84,2.97,0.97,3.56,0.13,83.77,91.17,70.04,79.81,75.14,0.75,49.24,64.80,3.55,0.22,20.33
